localhost,16-80-9b-dd-a9-a5
localhost,16-80-9b-dd-a9-a5
localhost,16-80-9b-dd-a9-a5
localhost,16-80-9b-dd-a9-a5
localhost,16-80-9b-dd-a9-a5
localhost,16-80-9b-dd-a9-a5
localhost,16-80-9b-dd-a9-a5
localhost,16-80-9b-dd-a9-a5
localhost,16-80-9b-dd-a9-a5
localhost,16-80-9b-dd-a9-a5
localhost,16-80-9b-dd-a9-a5
localhost,16-80-9b-dd-a9-a5
localhost,16-80-9b-dd-a9-a5
localhost,16-80-9b-dd-a9-a5
localhost,16-80-9b-dd-a9-a5
localhost,16-80-9b-dd-a9-a5
localhost,16-80-9b-dd-a9-a5
localhost,16-80-9b-dd-a9-a5
localhost,16-80-9b-dd-a9-a5
localhost,16-80-9b-dd-a9-a5
localhost,16-80-9b-dd-a9-a5
localhost,16-80-9b-dd-a9-a5
localhost,16-80-9b-dd-a9-a5
localhost,16-80-9b-dd-a9-a5
localhost,16-80-9b-dd-a9-a5
localhost,16-80-9b-dd-a9-a5
localhost,16-80-9b-dd-a9-a5
localhost,16-80-9b-dd-a9-a5
localhost,16-80-9b-dd-a9-a5
localhost,16-80-9b-dd-a9-a5