localhost,HFKSD:ADLHASK:ASDH:JDJSA
localhost,HFKSD:ADLHASK:ASDH:JDJSA
localhost,HFKSD:ADLHASK:ASDH:JDJSA
localhost,HFKSD:ADLHASK:ASDH:JDJSA
localhost,HFKSD:ADLHASK:ASDH:JDJSA
localhost,HFKSD:ADLHASK:ASDH:JDJSA
localhost,HFKSD:ADLHASK:ASDH:JDJSA
localhost,HFKSD:ADLHASK:ASDH:JDJSA
localhost,HFKSD:ADLHASK:ASDH:JDJSA
localhost,HFKSD:ADLHASK:ASDH:JDJSA
localhost,HFKSD:ADLHASK:ASDH:JDJSA
localhost,HFKSD:ADLHASK:ASDH:JDJSA
localhost,HFKSD:ADLHASK:ASDH:JDJSA
localhost,HFKSD:ADLHASK:ASDH:JDJSA
localhost,HFKSD:ADLHASK:ASDH:JDJSA
localhost,HFKSD:ADLHASK:ASDH:JDJSA
localhost,HFKSD:ADLHASK:ASDH:JDJSA
localhost,HFKSD:ADLHASK:ASDH:JDJSA
localhost,HFKSD:ADLHASK:ASDH:JDJSA
localhost,HFKSD:ADLHASK:ASDH:JDJSA
localhost,HFKSD:ADLHASK:ASDH:JDJSA
localhost,HFKSD:ADLHASK:ASDH:JDJSA
localhost,HFKSD:ADLHASK:ASDH:JDJSA
localhost,HFKSD:ADLHASK:ASDH:JDJSA
localhost,HFKSD:ADLHASK:ASDH:JDJSA
localhost,HFKSD:ADLHASK:ASDH:JDJSA
localhost,HFKSD:ADLHASK:ASDH:JDJSA
localhost,HFKSD:ADLHASK:ASDH:JDJSA
localhost,HFKSD:ADLHASK:ASDH:JDJSA
localhost,HFKSD:ADLHASK:ASDH:JDJSA